"Time (s)","Distance (cm)"
1.108086510E-1,5.000000000E0
